{
  "project_info": {
    "project_number": "628563251128",
    "firebase_url": "https://travelmantics-d7975.firebaseio.com",
    "project_id": "travelmantics-d7975",
    "storage_bucket": "travelmantics-d7975.appspot.com"
  },
  "client": [
    {
      "client_info": {
        "mobilesdk_app_id": "1:628563251128:android:0b2fa63bdcf14971",
        "android_client_info": {
          "package_name": "com.coansinternational.www.travelmantics"
        }
      },
      "oauth_client": [
        {
          "client_id": "628563251128-vlo8gi0d59e9ekvrckbbld90k02ngv8t.apps.googleusercontent.com",
          "client_type": 1,
          "android_info": {
            "package_name": "com.coansinternational.www.travelmantics",
            "certificate_hash": "28fc13120e35acf5476a9d887df0f1096fcff3cc"
          }
        },
        {
          "client_id": "628563251128-a3vend40vc7c2pas3f7qrfs6rer1t23g.apps.googleusercontent.com",
          "client_type": 3
        }
      ],
      "api_key": [
        {
          "current_key": "AIzaSyDZVNi6bgbRqfJMfZI8bI1qvlHV2I1LZQg"
        }
      ],
      "services": {
        "appinvite_service": {
          "other_platform_oauth_client": [
            {
              "client_id": "628563251128-a3vend40vc7c2pas3f7qrfs6rer1t23g.apps.googleusercontent.com",
              "client_type": 3
            }
          ]
        }
      }
    }
  ],
  "configuration_version": "1"
}